{
    "Agronomy Specialist": {
        "precision": 0.7213114754098361,
        "recall": 0.8,
        "f1-score": 0.7586206896551724,
        "support": 55.0
    },
    "Animal Science Specialist": {
        "precision": 0.7391304347826086,
        "recall": 0.6938775510204082,
        "f1-score": 0.7157894736842105,
        "support": 49.0
    },
    "Automotive Technology Specialist": {
        "precision": 0.8181818181818182,
        "recall": 0.7297297297297297,
        "f1-score": 0.7714285714285715,
        "support": 37.0
    },
    "Biology Specialist": {
        "precision": 0.6363636363636364,
        "recall": 0.5833333333333334,
        "f1-score": 0.6086956521739131,
        "support": 12.0
    },
    "Communication Specialist": {
        "precision": 0.6875,
        "recall": 0.4782608695652174,
        "f1-score": 0.5641025641025641,
        "support": 23.0
    },
    "Computer Science Specialist": {
        "precision": 0.7727272727272727,
        "recall": 0.7391304347826086,
        "f1-score": 0.7555555555555555,
        "support": 23.0
    },
    "Criminology Specialist": {
        "precision": 0.76,
        "recall": 0.7037037037037037,
        "f1-score": 0.7307692307692307,
        "support": 108.0
    },
    "Electrical Technology Specialist": {
        "precision": 0.6521739130434783,
        "recall": 0.5172413793103449,
        "f1-score": 0.5769230769230769,
        "support": 29.0
    },
    "Electronics Technology Specialist": {
        "precision": 0.6666666666666666,
        "recall": 0.625,
        "f1-score": 0.6451612903225806,
        "support": 32.0
    },
    "English Specialist": {
        "precision": 0.875,
        "recall": 0.7446808510638298,
        "f1-score": 0.8045977011494253,
        "support": 47.0
    },
    "Filipino Specialist": {
        "precision": 0.6666666666666666,
        "recall": 0.6666666666666666,
        "f1-score": 0.6666666666666666,
        "support": 21.0
    },
    "General Education Specialist": {
        "precision": 0.7111111111111111,
        "recall": 0.6153846153846154,
        "f1-score": 0.6597938144329897,
        "support": 104.0
    },
    "Information Technology Specialist": {
        "precision": 0.56,
        "recall": 0.9333333333333333,
        "f1-score": 0.7,
        "support": 15.0
    },
    "Mathematics Specialist": {
        "precision": 0.7551020408163265,
        "recall": 0.8409090909090909,
        "f1-score": 0.7956989247311828,
        "support": 44.0
    },
    "Nursing Specialist": {
        "precision": 0.6635514018691588,
        "recall": 0.7244897959183674,
        "f1-score": 0.6926829268292682,
        "support": 98.0
    },
    "Physics Specialist": {
        "precision": 0.75,
        "recall": 0.4444444444444444,
        "f1-score": 0.5581395348837209,
        "support": 27.0
    },
    "Political Science Specialist": {
        "precision": 0.45652173913043476,
        "recall": 0.875,
        "f1-score": 0.6,
        "support": 24.0
    },
    "Public Administration Specialist": {
        "precision": 0.8235294117647058,
        "recall": 0.7304347826086957,
        "f1-score": 0.7741935483870968,
        "support": 115.0
    },
    "Science Specialist": {
        "precision": 0.6428571428571429,
        "recall": 0.5,
        "f1-score": 0.5625,
        "support": 18.0
    },
    "Social Studies Specialist": {
        "precision": 0.5714285714285714,
        "recall": 0.631578947368421,
        "f1-score": 0.6,
        "support": 19.0
    },
    "Unemployed": {
        "precision": 0.5598086124401914,
        "recall": 0.585,
        "f1-score": 0.5721271393643031,
        "support": 600.0
    },
    "accuracy": 0.65,
    "macro avg": {
        "precision": 0.6899824721552203,
        "recall": 0.6743904537687053,
        "f1-score": 0.6720688743361679,
        "support": 1500.0
    },
    "weighted avg": {
        "precision": 0.6597796287764738,
        "recall": 0.65,
        "f1-score": 0.650951872402842,
        "support": 1500.0
    }
}