{
    "Agronomy Specialist": {
        "precision": 0.76,
        "recall": 0.6909090909090909,
        "f1-score": 0.7238095238095238,
        "support": 55.0
    },
    "Animal Science Specialist": {
        "precision": 0.6744186046511628,
        "recall": 0.5918367346938775,
        "f1-score": 0.6304347826086957,
        "support": 49.0
    },
    "Automotive Technology Specialist": {
        "precision": 0.7878787878787878,
        "recall": 0.7027027027027027,
        "f1-score": 0.7428571428571429,
        "support": 37.0
    },
    "Biology Specialist": {
        "precision": 0.7272727272727273,
        "recall": 0.6666666666666666,
        "f1-score": 0.6956521739130435,
        "support": 12.0
    },
    "Communication Specialist": {
        "precision": 0.5263157894736842,
        "recall": 0.43478260869565216,
        "f1-score": 0.47619047619047616,
        "support": 23.0
    },
    "Computer Science Specialist": {
        "precision": 0.8181818181818182,
        "recall": 0.782608695652174,
        "f1-score": 0.8,
        "support": 23.0
    },
    "Criminology Specialist": {
        "precision": 0.7333333333333333,
        "recall": 0.7129629629629629,
        "f1-score": 0.7230046948356808,
        "support": 108.0
    },
    "Electrical Technology Specialist": {
        "precision": 0.625,
        "recall": 0.5172413793103449,
        "f1-score": 0.5660377358490566,
        "support": 29.0
    },
    "Electronics Technology Specialist": {
        "precision": 0.5675675675675675,
        "recall": 0.65625,
        "f1-score": 0.6086956521739131,
        "support": 32.0
    },
    "English Specialist": {
        "precision": 0.8333333333333334,
        "recall": 0.7446808510638298,
        "f1-score": 0.7865168539325843,
        "support": 47.0
    },
    "Filipino Specialist": {
        "precision": 0.7222222222222222,
        "recall": 0.6190476190476191,
        "f1-score": 0.6666666666666666,
        "support": 21.0
    },
    "General Education Specialist": {
        "precision": 0.6458333333333334,
        "recall": 0.5961538461538461,
        "f1-score": 0.62,
        "support": 104.0
    },
    "Information Technology Specialist": {
        "precision": 0.5384615384615384,
        "recall": 0.9333333333333333,
        "f1-score": 0.6829268292682927,
        "support": 15.0
    },
    "Mathematics Specialist": {
        "precision": 0.7777777777777778,
        "recall": 0.7954545454545454,
        "f1-score": 0.7865168539325843,
        "support": 44.0
    },
    "Nursing Specialist": {
        "precision": 0.6979166666666666,
        "recall": 0.6836734693877551,
        "f1-score": 0.6907216494845361,
        "support": 98.0
    },
    "Physics Specialist": {
        "precision": 0.7727272727272727,
        "recall": 0.6296296296296297,
        "f1-score": 0.6938775510204082,
        "support": 27.0
    },
    "Political Science Specialist": {
        "precision": 0.5641025641025641,
        "recall": 0.9166666666666666,
        "f1-score": 0.6984126984126984,
        "support": 24.0
    },
    "Public Administration Specialist": {
        "precision": 0.7280701754385965,
        "recall": 0.7217391304347827,
        "f1-score": 0.7248908296943232,
        "support": 115.0
    },
    "Science Specialist": {
        "precision": 0.5789473684210527,
        "recall": 0.6111111111111112,
        "f1-score": 0.5945945945945946,
        "support": 18.0
    },
    "Social Studies Specialist": {
        "precision": 0.5,
        "recall": 0.5789473684210527,
        "f1-score": 0.5365853658536586,
        "support": 19.0
    },
    "Unemployed": {
        "precision": 0.5332252836304701,
        "recall": 0.5483333333333333,
        "f1-score": 0.5406737880032868,
        "support": 600.0
    },
    "accuracy": 0.6273333333333333,
    "macro avg": {
        "precision": 0.6720279125939956,
        "recall": 0.6730824640776655,
        "f1-score": 0.6661459934810079,
        "support": 1500.0
    },
    "weighted avg": {
        "precision": 0.6328781841098731,
        "recall": 0.6273333333333333,
        "f1-score": 0.6280089406936096,
        "support": 1500.0
    }
}