{
    "Agronomy Specialist": {
        "precision": 0.76,
        "recall": 0.6909090909090909,
        "f1-score": 0.7238095238095238,
        "support": 55.0
    },
    "Animal Science Specialist": {
        "precision": 0.7,
        "recall": 0.5714285714285714,
        "f1-score": 0.6292134831460674,
        "support": 49.0
    },
    "Automotive Technology Specialist": {
        "precision": 0.75,
        "recall": 0.7297297297297297,
        "f1-score": 0.7397260273972602,
        "support": 37.0
    },
    "Biology Specialist": {
        "precision": 0.6363636363636364,
        "recall": 0.5833333333333334,
        "f1-score": 0.6086956521739131,
        "support": 12.0
    },
    "Communication Specialist": {
        "precision": 0.7857142857142857,
        "recall": 0.4782608695652174,
        "f1-score": 0.5945945945945946,
        "support": 23.0
    },
    "Computer Science Specialist": {
        "precision": 0.7391304347826086,
        "recall": 0.7391304347826086,
        "f1-score": 0.7391304347826086,
        "support": 23.0
    },
    "Criminology Specialist": {
        "precision": 0.7391304347826086,
        "recall": 0.6296296296296297,
        "f1-score": 0.68,
        "support": 108.0
    },
    "Electrical Technology Specialist": {
        "precision": 0.6818181818181818,
        "recall": 0.5172413793103449,
        "f1-score": 0.5882352941176471,
        "support": 29.0
    },
    "Electronics Technology Specialist": {
        "precision": 0.6052631578947368,
        "recall": 0.71875,
        "f1-score": 0.6571428571428571,
        "support": 32.0
    },
    "English Specialist": {
        "precision": 0.8048780487804879,
        "recall": 0.7021276595744681,
        "f1-score": 0.75,
        "support": 47.0
    },
    "Filipino Specialist": {
        "precision": 0.6111111111111112,
        "recall": 0.5238095238095238,
        "f1-score": 0.5641025641025641,
        "support": 21.0
    },
    "General Education Specialist": {
        "precision": 0.7127659574468085,
        "recall": 0.6442307692307693,
        "f1-score": 0.6767676767676768,
        "support": 104.0
    },
    "Information Technology Specialist": {
        "precision": 0.6086956521739131,
        "recall": 0.9333333333333333,
        "f1-score": 0.7368421052631579,
        "support": 15.0
    },
    "Mathematics Specialist": {
        "precision": 0.782608695652174,
        "recall": 0.8181818181818182,
        "f1-score": 0.8,
        "support": 44.0
    },
    "Nursing Specialist": {
        "precision": 0.7325581395348837,
        "recall": 0.6428571428571429,
        "f1-score": 0.6847826086956522,
        "support": 98.0
    },
    "Physics Specialist": {
        "precision": 0.8125,
        "recall": 0.48148148148148145,
        "f1-score": 0.6046511627906976,
        "support": 27.0
    },
    "Political Science Specialist": {
        "precision": 0.6176470588235294,
        "recall": 0.875,
        "f1-score": 0.7241379310344828,
        "support": 24.0
    },
    "Public Administration Specialist": {
        "precision": 0.8085106382978723,
        "recall": 0.6608695652173913,
        "f1-score": 0.7272727272727273,
        "support": 115.0
    },
    "Science Specialist": {
        "precision": 0.6842105263157895,
        "recall": 0.7222222222222222,
        "f1-score": 0.7027027027027027,
        "support": 18.0
    },
    "Social Studies Specialist": {
        "precision": 0.5555555555555556,
        "recall": 0.5263157894736842,
        "f1-score": 0.5405405405405406,
        "support": 19.0
    },
    "Unemployed": {
        "precision": 0.5489051094890511,
        "recall": 0.6266666666666667,
        "f1-score": 0.5852140077821012,
        "support": 600.0
    },
    "accuracy": 0.6446666666666667,
    "macro avg": {
        "precision": 0.6989222202160587,
        "recall": 0.657881381463668,
        "f1-score": 0.669407709243656,
        "support": 1500.0
    },
    "weighted avg": {
        "precision": 0.6584169115297136,
        "recall": 0.6446666666666667,
        "f1-score": 0.6464987762553058,
        "support": 1500.0
    }
}